tissue,image_id,model,pq,f1_object,aji,dice_bin
Adrenal_gland,Adrenal_gland/test/00000_0,unet_baseline,0.0,0.0,0.0,0.42777811733272797
Adrenal_gland,Adrenal_gland/test/00000_0,sam_vit_b,0.0,0.0,0.0049179817598904345,0.38638297722216186
Adrenal_gland,Adrenal_gland/test/00000_0,sam_vit_l,0.0,0.0,0.005272618334331935,0.30135928384599886
Adrenal_gland,Adrenal_gland/test/00000_0,sam_vit_h,0.0,0.0,0.005776892430278884,0.3325889702316189
Adrenal_gland,Adrenal_gland/test/00000_1,unet_baseline,0.0,0.0,0.0,0.4519209861675615
Adrenal_gland,Adrenal_gland/test/00000_1,sam_vit_b,0.0,0.0,0.004540906642038021,0.422082766432289
Adrenal_gland,Adrenal_gland/test/00000_1,sam_vit_l,0.0,0.0,0.0043391477913737745,0.31716615136315673
Adrenal_gland,Adrenal_gland/test/00000_1,sam_vit_h,0.0,0.0,0.004718081659105638,0.36590151189094855
Adrenal_gland,Adrenal_gland/test/00000_2,unet_baseline,0.0,0.0,0.0,0.9819017880722686
Adrenal_gland,Adrenal_gland/test/00000_2,sam_vit_b,0.0,0.0,0.00722754073416598,0.4359769067152841
Adrenal_gland,Adrenal_gland/test/00000_2,sam_vit_l,0.0,0.0,0.007684303209797487,0.31214833074326137
Adrenal_gland,Adrenal_gland/test/00000_2,sam_vit_h,0.0,0.0,0.008116160405465566,0.36576342562528286
Adrenal_gland,Adrenal_gland/test/00000_3,unet_baseline,0.0,0.0,0.0,0.9439471457922088
Adrenal_gland,Adrenal_gland/test/00000_3,sam_vit_b,0.0,0.0,0.013965796050374872,0.4211994926617141
Adrenal_gland,Adrenal_gland/test/00000_3,sam_vit_l,0.0,0.0,0.016736401673640166,0.3060408596564536
Adrenal_gland,Adrenal_gland/test/00000_3,sam_vit_h,0.0,0.0,0.016740596706568633,0.3612958087022447
Adrenal_gland,Adrenal_gland/test/00000_4,unet_baseline,0.0,0.0,0.0,0.9875404568241682
Adrenal_gland,Adrenal_gland/test/00000_4,sam_vit_b,0.0,0.0,0.0024752475247524753,0.43855901177565104
Adrenal_gland,Adrenal_gland/test/00000_4,sam_vit_l,0.0,0.0,0.0023241986919625966,0.3129575246850528
Adrenal_gland,Adrenal_gland/test/00000_4,sam_vit_h,0.0,0.0,0.0026414188192514835,0.3642728093947606
Adrenal_gland,Adrenal_gland/test/00000_5,unet_baseline,0.0,0.0,0.0,0.9288265243578533
Adrenal_gland,Adrenal_gland/test/00000_5,sam_vit_b,0.0,0.0,0.016847067039106146,0.4171878189544788
Adrenal_gland,Adrenal_gland/test/00000_5,sam_vit_l,0.0,0.0,0.016059583381822413,0.3047462164109956
Adrenal_gland,Adrenal_gland/test/00000_5,sam_vit_h,0.0,0.0,0.017794128688339964,0.3318658466439538
Adrenal_gland,Adrenal_gland/test/00001_0,unet_baseline,0.0,0.0,0.0,0.9084973851637187
Adrenal_gland,Adrenal_gland/test/00001_0,sam_vit_b,0.0,0.0,0.0003926495994974085,0.40795878553705706
Adrenal_gland,Adrenal_gland/test/00001_0,sam_vit_l,0.0,0.0,0.00012953088232119342,0.29792908136173224
Adrenal_gland,Adrenal_gland/test/00001_0,sam_vit_h,0.0,0.0,0.0003555239534263621,0.3149491005438572
Adrenal_gland,Adrenal_gland/test/00001_1,unet_baseline,0.0,0.0,0.0,0.9199202333668441
Adrenal_gland,Adrenal_gland/test/00001_1,sam_vit_b,0.0,0.0,0.007554688472873688,0.41291585127201563
Adrenal_gland,Adrenal_gland/test/00001_1,sam_vit_l,0.0,0.0,0.007396915328926661,0.303541413087579
Adrenal_gland,Adrenal_gland/test/00001_1,sam_vit_h,0.0,0.0,0.007257145687818893,0.33597699242298545
Adrenal_gland,Adrenal_gland/test/00001_2,unet_baseline,0.0,0.0,0.0,0.4804997146299702
Adrenal_gland,Adrenal_gland/test/00001_2,sam_vit_b,0.0,0.0,0.0033460553144769173,0.4330428146605825
Adrenal_gland,Adrenal_gland/test/00001_2,sam_vit_l,0.0,0.0,0.0025725560717318545,0.31439842303861604
Adrenal_gland,Adrenal_gland/test/00001_2,sam_vit_h,0.0,0.0,0.002883538633818589,0.3472442119126999
Adrenal_gland,Adrenal_gland/test/00001_3,unet_baseline,0.0,0.0,0.0,0.9413883616686185
Adrenal_gland,Adrenal_gland/test/00001_3,sam_vit_b,0.0,0.0,0.010131807308035087,0.4207528049882688
Adrenal_gland,Adrenal_gland/test/00001_3,sam_vit_l,0.0,0.0,0.010939295289161242,0.3073087270230417
Adrenal_gland,Adrenal_gland/test/00001_3,sam_vit_h,0.0,0.0,0.01165667644433108,0.3317908325128542
Adrenal_gland,Adrenal_gland/test/00001_4,unet_baseline,0.0,0.0,0.0,0.919929133533847
Adrenal_gland,Adrenal_gland/test/00001_4,sam_vit_b,0.0,0.0,0.007889054974256769,0.4079289874342216
Adrenal_gland,Adrenal_gland/test/00001_4,sam_vit_l,0.0,0.0,0.010255791505791506,0.3214321746051319
Adrenal_gland,Adrenal_gland/test/00001_4,sam_vit_h,0.0,0.0,0.012145472740919325,0.31195203936653154
Adrenal_gland,Adrenal_gland/test/00001_5,unet_baseline,0.0,0.0,0.0,0.9659176975511234
Adrenal_gland,Adrenal_gland/test/00001_5,sam_vit_b,0.0,0.0,0.0025603312088031812,0.42769908048425465
Adrenal_gland,Adrenal_gland/test/00001_5,sam_vit_l,0.0,0.0,0.0019479272408022168,0.33072806498011675
Adrenal_gland,Adrenal_gland/test/00001_5,sam_vit_h,0.0,0.0,0.0022307120330247944,0.3172182118629327
Adrenal_gland,Adrenal_gland/test/00002_0,unet_baseline,0.0,0.0,0.0,0.47647007133670444
Adrenal_gland,Adrenal_gland/test/00002_0,sam_vit_b,0.0,0.0,0.006963856603403463,0.43002743839986096
Adrenal_gland,Adrenal_gland/test/00002_0,sam_vit_l,0.0,0.0,0.008027276632302405,0.3384001003077225
Adrenal_gland,Adrenal_gland/test/00002_0,sam_vit_h,0.0,0.0,0.00813047711781889,0.32047608027118196
Adrenal_gland,Adrenal_gland/test/00002_1,unet_baseline,0.0,0.0,0.0,0.9119585609217539
Adrenal_gland,Adrenal_gland/test/00002_1,sam_vit_b,0.0,0.0,0.0027533039647577094,0.38683513958947213
Adrenal_gland,Adrenal_gland/test/00002_1,sam_vit_l,0.0,0.0,0.0026748088521032576,0.3307531449467357
Adrenal_gland,Adrenal_gland/test/00002_1,sam_vit_h,0.0,0.0,0.002650822669104205,0.31567961833111613
Adrenal_gland,Adrenal_gland/test/00002_2,unet_baseline,0.0,0.0,0.0,0.8555562346654559
Adrenal_gland,Adrenal_gland/test/00002_2,sam_vit_b,0.0,0.0,0.00029381911426892463,0.3654764320733153
Adrenal_gland,Adrenal_gland/test/00002_2,sam_vit_l,0.0,0.0,0.00018950161076369148,0.3239802809292274
Adrenal_gland,Adrenal_gland/test/00002_2,sam_vit_h,0.0,0.0,0.000338012486578916,0.29969911219524276
Adrenal_gland,Adrenal_gland/test/00002_3,unet_baseline,0.0,0.0,0.0,0.4463134594425623
Adrenal_gland,Adrenal_gland/test/00002_3,sam_vit_b,0.0,0.0,0.0005082364196239051,0.39118306128255154
Adrenal_gland,Adrenal_gland/test/00002_3,sam_vit_l,0.0,0.0,0.00037102997922232116,0.3424867770442634
Adrenal_gland,Adrenal_gland/test/00002_3,sam_vit_h,0.0,0.0,0.0005796976983854346,0.32214276939103814
Adrenal_gland,Adrenal_gland/test/00002_4,unet_baseline,0.0,0.0,0.0,0.47155631889176486
Adrenal_gland,Adrenal_gland/test/00002_4,sam_vit_b,0.0,0.0,0.00902806633173422,0.397908277043003
Adrenal_gland,Adrenal_gland/test/00002_4,sam_vit_l,0.0,0.0,0.006745139531807962,0.4078604426850886
Adrenal_gland,Adrenal_gland/test/00002_4,sam_vit_h,0.0,0.0,0.009164714711300115,0.2937684044333467
Adrenal_gland,Adrenal_gland/test/00002_5,unet_baseline,0.0,0.0,0.0,0.9385335514487941
Adrenal_gland,Adrenal_gland/test/00002_5,sam_vit_b,0.0,0.0,0.011227212094264118,0.3946001676607471
Adrenal_gland,Adrenal_gland/test/00002_5,sam_vit_l,0.0,0.0,0.00706090026478376,0.4086483390607102
Adrenal_gland,Adrenal_gland/test/00002_5,sam_vit_h,0.0,0.0,0.011358111990100322,0.2857896464409641
Adrenal_gland,Adrenal_gland/test/00003_0,unet_baseline,0.0,0.0,0.0,0.9282484443608592
Adrenal_gland,Adrenal_gland/test/00003_0,sam_vit_b,0.0,0.0,0.0010229637729725915,0.3915613375659727
Adrenal_gland,Adrenal_gland/test/00003_0,sam_vit_l,0.0,0.0,0.0007499343807416851,0.392621403868446
Adrenal_gland,Adrenal_gland/test/00003_0,sam_vit_h,0.0,0.0,0.001364989147217436,0.29707374713282825
Adrenal_gland,Adrenal_gland/test/00003_1,unet_baseline,0.0,0.0,0.0,0.46249364368551416
Adrenal_gland,Adrenal_gland/test/00003_1,sam_vit_b,0.0,0.0,0.009315694694556032,0.40343894485696696
Adrenal_gland,Adrenal_gland/test/00003_1,sam_vit_l,0.0,0.0,0.007558229214869659,0.40552396483611747
Adrenal_gland,Adrenal_gland/test/00003_1,sam_vit_h,0.0,0.0,0.010097836818957005,0.3139872650152433
Adrenal_gland,Adrenal_gland/test/00003_2,unet_baseline,0.0,0.0,0.0,0.8969974417665275
Adrenal_gland,Adrenal_gland/test/00003_2,sam_vit_b,0.0,0.0,0.00625312656328164,0.37997532562090447
Adrenal_gland,Adrenal_gland/test/00003_2,sam_vit_l,0.0,0.0,0.003391765733091544,0.38130107813781583
Adrenal_gland,Adrenal_gland/test/00003_2,sam_vit_h,0.0,0.0,0.00662090883008541,0.31003615684347247
Adrenal_gland,Adrenal_gland/test/00003_3,unet_baseline,0.0,0.0,0.0,0.9307664069829098
Adrenal_gland,Adrenal_gland/test/00003_3,sam_vit_b,0.0,0.0,0.0022477187332259796,0.3827386187337569
Adrenal_gland,Adrenal_gland/test/00003_3,sam_vit_l,0.0,0.0,0.0017027395186922961,0.3939617013546975
Adrenal_gland,Adrenal_gland/test/00003_3,sam_vit_h,0.0,0.0,0.0027325650469288347,0.31423845530650824
Adrenal_gland,Adrenal_gland/test/00003_4,unet_baseline,0.0,0.0,0.0,0.44719616708279913
Adrenal_gland,Adrenal_gland/test/00003_4,sam_vit_b,0.0,0.0,0.006621281357828966,0.38772954275239735
Adrenal_gland,Adrenal_gland/test/00003_4,sam_vit_l,0.0,0.0,0.00491621659049993,0.392977794475513
Adrenal_gland,Adrenal_gland/test/00003_4,sam_vit_h,0.0,0.0,0.007262179500751625,0.30757610610477565
Adrenal_gland,Adrenal_gland/test/00003_5,unet_baseline,0.0,0.0,0.0,0.44444067681665594
Adrenal_gland,Adrenal_gland/test/00003_5,sam_vit_b,0.0,0.0,0.00281975051337849,0.39079063777466466
Adrenal_gland,Adrenal_gland/test/00003_5,sam_vit_l,0.0,0.0,0.0025687825322787804,0.39156745266746107
Adrenal_gland,Adrenal_gland/test/00003_5,sam_vit_h,0.0,0.0,0.0037877202527937053,0.3107096498510081
Adrenal_gland,Adrenal_gland/test/00004_0,unet_baseline,0.0,0.0,0.0,0.8653739612188366
Adrenal_gland,Adrenal_gland/test/00004_0,sam_vit_b,0.0,0.0,0.003644379132990448,0.3727495021821446
Adrenal_gland,Adrenal_gland/test/00004_0,sam_vit_l,0.0,0.0,0.004003221527382983,0.32784962846865945
Adrenal_gland,Adrenal_gland/test/00004_0,sam_vit_h,0.0,0.0,0.004860986547085202,0.258997215226979
Adrenal_gland,Adrenal_gland/test/00004_1,unet_baseline,0.0,0.0,0.0,0.89350566028179
Adrenal_gland,Adrenal_gland/test/00004_1,sam_vit_b,0.0,0.0,0.00030585196764765856,0.39111740803054007
Adrenal_gland,Adrenal_gland/test/00004_1,sam_vit_l,0.0,0.0,0.00011766090128250382,0.3228446913245721
Adrenal_gland,Adrenal_gland/test/00004_1,sam_vit_h,0.0,0.0,0.00021252753197573322,0.27604252045950345
Adrenal_gland,Adrenal_gland/test/00004_2,unet_baseline,0.0,0.0,0.0,0.4860284372083539
Adrenal_gland,Adrenal_gland/test/00004_2,sam_vit_b,0.0,0.0,0.005920344456404736,0.4435367630721811
Adrenal_gland,Adrenal_gland/test/00004_2,sam_vit_l,0.0,0.0,0.004073886639676113,0.3093897638953541
Adrenal_gland,Adrenal_gland/test/00004_2,sam_vit_h,0.0,0.0,0.005202091731125395,0.3323846326167278
Adrenal_gland,Adrenal_gland/test/00004_3,unet_baseline,0.0,0.0,0.0,0.9426693018190618
Adrenal_gland,Adrenal_gland/test/00004_3,sam_vit_b,0.0,0.0,0.018657597657172547,0.4181688674593173
Adrenal_gland,Adrenal_gland/test/00004_3,sam_vit_l,0.0,0.0,0.01944464724635565,0.3086385144984414
Adrenal_gland,Adrenal_gland/test/00004_3,sam_vit_h,0.0,0.0,0.021088864110146894,0.30988892386562933
Adrenal_gland,Adrenal_gland/test/00004_4,unet_baseline,0.0,0.0,0.0,0.9853459153577594
Adrenal_gland,Adrenal_gland/test/00004_4,sam_vit_b,0.0,0.0,0.010267082899757198,0.4417770301006789
Adrenal_gland,Adrenal_gland/test/00004_4,sam_vit_l,0.0,0.0,0.007297862965410884,0.31889517963913433
Adrenal_gland,Adrenal_gland/test/00004_4,sam_vit_h,0.0,0.0,0.008563615428900403,0.3735175947671823
Adrenal_gland,Adrenal_gland/test/00004_5,unet_baseline,0.0,0.0,0.0,0.9888370298939247
Adrenal_gland,Adrenal_gland/test/00004_5,sam_vit_b,0.0,0.0,0.003450454390824707,0.41030935303919436
Adrenal_gland,Adrenal_gland/test/00004_5,sam_vit_l,0.0,0.0,0.0044434445131897185,0.4242938152525306
Adrenal_gland,Adrenal_gland/test/00004_5,sam_vit_h,0.0,0.0,0.005179825381144368,0.30754080813486756
Adrenal_gland,Adrenal_gland/test/00005_0,unet_baseline,0.0,0.0,0.0,0.9583240614171726
Adrenal_gland,Adrenal_gland/test/00005_0,sam_vit_b,0.0,0.0,0.010147424851617844,0.41862178088171104
Adrenal_gland,Adrenal_gland/test/00005_0,sam_vit_l,0.0,0.0,0.009742834485102526,0.33388178578914274
Adrenal_gland,Adrenal_gland/test/00005_0,sam_vit_h,0.0,0.0,0.011933978153120639,0.3046936436964972
Adrenal_gland,Adrenal_gland/test/00005_1,unet_baseline,0.0,0.0,0.0,0.45601992114546586
Adrenal_gland,Adrenal_gland/test/00005_1,sam_vit_b,0.0,0.0,0.0026410843981823123,0.41284329394217295
Adrenal_gland,Adrenal_gland/test/00005_1,sam_vit_l,0.0,0.0,0.00267233259588636,0.3073271824044018
Adrenal_gland,Adrenal_gland/test/00005_1,sam_vit_h,0.0,0.0,0.002994717977740049,0.3327448220367095
Adrenal_gland,Adrenal_gland/test/00005_2,unet_baseline,0.0,0.0,0.0,0.9499202858493363
Adrenal_gland,Adrenal_gland/test/00005_2,sam_vit_b,0.0,0.0,0.00317309969216197,0.4212576212576213
Adrenal_gland,Adrenal_gland/test/00005_2,sam_vit_l,0.0,0.0,0.0023274500568008644,0.33487886866813493
Adrenal_gland,Adrenal_gland/test/00005_2,sam_vit_h,0.0,0.0,0.002792604103326352,0.29125888266219885
Adrenal_gland,Adrenal_gland/test/00005_3,unet_baseline,0.0,0.0,0.0,0.49049181347472515
Adrenal_gland,Adrenal_gland/test/00005_3,sam_vit_b,0.0,0.0,0.008090614886731391,0.4171129608996332
Adrenal_gland,Adrenal_gland/test/00005_3,sam_vit_l,0.0,0.0,0.004722906094558609,0.4183596553759601
Adrenal_gland,Adrenal_gland/test/00005_3,sam_vit_h,0.0,0.0,0.006846995064356915,0.29051573608301495
Adrenal_gland,Adrenal_gland/test/00005_4,unet_baseline,0.0,0.0,0.0,0.9598120754237827
Adrenal_gland,Adrenal_gland/test/00005_4,sam_vit_b,0.0,0.0,0.00989043782239843,0.40480336738589906
Adrenal_gland,Adrenal_gland/test/00005_4,sam_vit_l,0.0,0.0,0.008648252004822056,0.42268483742890867
Adrenal_gland,Adrenal_gland/test/00005_4,sam_vit_h,0.0,0.0,0.010711235254738105,0.285637365532885
Adrenal_gland,Adrenal_gland/test/00005_5,unet_baseline,0.0,0.0,0.0,0.4571194261052527
Adrenal_gland,Adrenal_gland/test/00005_5,sam_vit_b,0.0,0.0,0.003505059189207063,0.39239072497068406
Adrenal_gland,Adrenal_gland/test/00005_5,sam_vit_l,0.0,0.0,0.0017372662083240925,0.3936961634625736
Adrenal_gland,Adrenal_gland/test/00005_5,sam_vit_h,0.0,0.0,0.0033526998604777075,0.29291824955656304
Adrenal_gland,Adrenal_gland/test/00006_0,unet_baseline,0.0,0.0,0.0,0.9252605426502784
Adrenal_gland,Adrenal_gland/test/00006_0,sam_vit_b,0.0,0.0,0.001199605843794182,0.41472382384891787
Adrenal_gland,Adrenal_gland/test/00006_0,sam_vit_l,0.0,0.0,0.0016732995658465992,0.30408878235416137
Adrenal_gland,Adrenal_gland/test/00006_0,sam_vit_h,0.0,0.0,0.0015401848221786615,0.35927056774423705
Adrenal_gland,Adrenal_gland/test/00006_1,unet_baseline,0.0,0.0,0.0,0.4663018339359588
Adrenal_gland,Adrenal_gland/test/00006_1,sam_vit_b,0.0,0.0,0.001180431075941066,0.4220816963465973
Adrenal_gland,Adrenal_gland/test/00006_1,sam_vit_l,0.0,0.0,0.0007192074797577895,0.30939646303986224
Adrenal_gland,Adrenal_gland/test/00006_1,sam_vit_h,0.0,0.0,0.0009556346608691497,0.32724459935319944
Adrenal_gland,Adrenal_gland/test/00006_2,unet_baseline,0.0,0.0,0.0,0.8991466774171873
Adrenal_gland,Adrenal_gland/test/00006_2,sam_vit_b,0.0,0.0,0.004489795918367347,0.40216920991144317
Adrenal_gland,Adrenal_gland/test/00006_2,sam_vit_l,0.0,0.0,0.005084673644796187,0.2976774147371435
Adrenal_gland,Adrenal_gland/test/00006_2,sam_vit_h,0.0,0.0,0.005568796917114027,0.3200665665840403
Adrenal_gland,Adrenal_gland/test/00006_3,unet_baseline,0.0,0.0,0.0,0.9150028144763418
Adrenal_gland,Adrenal_gland/test/00006_3,sam_vit_b,0.0,0.0,0.003770677911125527,0.4107040398814843
Adrenal_gland,Adrenal_gland/test/00006_3,sam_vit_l,0.0,0.0,0.003810283334440974,0.2998052682517287
Adrenal_gland,Adrenal_gland/test/00006_3,sam_vit_h,0.0,0.0,0.00397033656588705,0.31897373468239293
Adrenal_gland,Adrenal_gland/test/00006_4,unet_baseline,0.0,0.0,0.0,0.920498439288744
Adrenal_gland,Adrenal_gland/test/00006_4,sam_vit_b,0.0,0.0,0.0002845759817871372,0.40866183887965285
Adrenal_gland,Adrenal_gland/test/00006_4,sam_vit_l,0.0,0.0,6.68881407326481e-05,0.300134542670904
Adrenal_gland,Adrenal_gland/test/00006_4,sam_vit_h,0.0,0.0,4.710204658392407e-05,0.32305973433849833
Adrenal_gland,Adrenal_gland/test/00006_5,unet_baseline,0.0,0.0,0.0,0.9103937884997465
Adrenal_gland,Adrenal_gland/test/00006_5,sam_vit_b,0.0,0.0,0.003943908851884312,0.40505898688025993
Adrenal_gland,Adrenal_gland/test/00006_5,sam_vit_l,0.0,0.0,0.005042093495471241,0.31212364973569295
Adrenal_gland,Adrenal_gland/test/00006_5,sam_vit_h,0.0,0.0,0.005600072846476052,0.3147943566019931
Adrenal_gland,Adrenal_gland/test/00007_0,unet_baseline,0.0,0.0,0.0,0.9515917453207486
Adrenal_gland,Adrenal_gland/test/00007_0,sam_vit_b,0.0,0.0,0.005538551231598892,0.41993204983012455
Adrenal_gland,Adrenal_gland/test/00007_0,sam_vit_l,0.0,0.0,0.0061297372208304465,0.3301007286755251
Adrenal_gland,Adrenal_gland/test/00007_0,sam_vit_h,0.0,0.0,0.0071944224683544306,0.31687201797792613
Adrenal_gland,Adrenal_gland/test/00007_1,unet_baseline,0.0,0.0,0.0,0.9098953741745538
Adrenal_gland,Adrenal_gland/test/00007_1,sam_vit_b,0.0,0.0,0.001444112833349379,0.383794284341017
Adrenal_gland,Adrenal_gland/test/00007_1,sam_vit_l,0.0,0.0,0.0013722126929674098,0.3270403299115358
Adrenal_gland,Adrenal_gland/test/00007_1,sam_vit_h,0.0,0.0,0.0014181882644921113,0.30772007452258965
Adrenal_gland,Adrenal_gland/test/00007_2,unet_baseline,0.0,0.0,0.0,0.4595905039127244
Adrenal_gland,Adrenal_gland/test/00007_2,sam_vit_b,0.0,0.0,0.003485342019543974,0.39757675004600235
Adrenal_gland,Adrenal_gland/test/00007_2,sam_vit_l,0.0,0.0,0.002330570195185254,0.3500411579402097
Adrenal_gland,Adrenal_gland/test/00007_2,sam_vit_h,0.0,0.0,0.0036068325658417076,0.32087477529770314
Adrenal_gland,Adrenal_gland/test/00007_3,unet_baseline,0.0,0.0,0.0,0.4716585645068969
Adrenal_gland,Adrenal_gland/test/00007_3,sam_vit_b,0.0,0.0,0.0041553339377455424,0.4014832148780043
Adrenal_gland,Adrenal_gland/test/00007_3,sam_vit_l,0.0,0.0,0.003185063152114223,0.3930249988411134
Adrenal_gland,Adrenal_gland/test/00007_3,sam_vit_h,0.0,0.0,0.00457700324473,0.27994025151136037
Adrenal_gland,Adrenal_gland/test/00007_4,unet_baseline,0.0,0.0,0.0,0.8451297413982994
Adrenal_gland,Adrenal_gland/test/00007_4,sam_vit_b,0.0,0.0,0.00011162583021711224,0.36916437406808494
Adrenal_gland,Adrenal_gland/test/00007_4,sam_vit_l,0.0,0.0,4.487323311644604e-05,0.3210635838150289
Adrenal_gland,Adrenal_gland/test/00007_4,sam_vit_h,0.0,0.0,6.920534957352204e-05,0.25739398654273976
Adrenal_gland,Adrenal_gland/test/00007_5,unet_baseline,0.0,0.0,0.0,0.4733653158474161
Adrenal_gland,Adrenal_gland/test/00007_5,sam_vit_b,0.0,0.0,0.020592642722482717,0.4382022748849355
Adrenal_gland,Adrenal_gland/test/00007_5,sam_vit_l,0.0,0.0,0.015221691513484827,0.31480437644638776
Adrenal_gland,Adrenal_gland/test/00007_5,sam_vit_h,0.0,0.0,0.017633865271082006,0.3395603370428265
Adrenal_gland,Adrenal_gland/test/00008_0,unet_baseline,0.0,0.0,0.0,0.9573462731684035
Adrenal_gland,Adrenal_gland/test/00008_0,sam_vit_b,0.0,0.0,0.012738532802980715,0.4225022080426828
Adrenal_gland,Adrenal_gland/test/00008_0,sam_vit_l,0.0,0.0,0.011428855375288828,0.3081017673162688
Adrenal_gland,Adrenal_gland/test/00008_0,sam_vit_h,0.0,0.0,0.012955145118733509,0.3262804674097172
Adrenal_gland,Adrenal_gland/test/00008_1,unet_baseline,0.0,0.0,0.0,0.933602362685195
Adrenal_gland,Adrenal_gland/test/00008_1,sam_vit_b,0.0,0.0,0.0007029712250445215,0.420209808693116
Adrenal_gland,Adrenal_gland/test/00008_1,sam_vit_l,0.0,0.0,0.0005466098799735805,0.30058181567803904
Adrenal_gland,Adrenal_gland/test/00008_1,sam_vit_h,0.0,0.0,0.0007228567297961544,0.3608882254151894
Adrenal_gland,Adrenal_gland/test/00008_2,unet_baseline,0.0,0.0,0.0,0.987415310213762
Adrenal_gland,Adrenal_gland/test/00008_2,sam_vit_b,0.0,0.0,0.005259569494496932,0.4111926107036131
Adrenal_gland,Adrenal_gland/test/00008_2,sam_vit_l,0.0,0.0,0.003687315634218289,0.4254403372758624
Adrenal_gland,Adrenal_gland/test/00008_2,sam_vit_h,0.0,0.0,0.005266816383274516,0.30856629328882756
Adrenal_gland,Adrenal_gland/test/00008_3,unet_baseline,0.0,0.0,0.0,0.9557846433294562
Adrenal_gland,Adrenal_gland/test/00008_3,sam_vit_b,0.0,0.0,0.002457331784469663,0.4117549592672711
Adrenal_gland,Adrenal_gland/test/00008_3,sam_vit_l,0.0,0.0,0.0016743288495374312,0.3392638997650744
Adrenal_gland,Adrenal_gland/test/00008_3,sam_vit_h,0.0,0.0,0.0025468479835506334,0.2978052515170419
Adrenal_gland,Adrenal_gland/test/00008_4,unet_baseline,0.0,0.0,0.0,0.9740442718932966
Adrenal_gland,Adrenal_gland/test/00008_4,sam_vit_b,0.0,0.0,0.004147794994040524,0.4137805654031452
Adrenal_gland,Adrenal_gland/test/00008_4,sam_vit_l,0.0,0.0,0.0020397459059385745,0.42958253569609584
Adrenal_gland,Adrenal_gland/test/00008_4,sam_vit_h,0.0,0.0,0.004091285325765638,0.28424402464621845
Adrenal_gland,Adrenal_gland/test/00008_5,unet_baseline,0.0,0.0,0.0,0.9745659946331198
Adrenal_gland,Adrenal_gland/test/00008_5,sam_vit_b,0.0,0.0,0.0033544877606527653,0.40818630780811105
Adrenal_gland,Adrenal_gland/test/00008_5,sam_vit_l,0.0,0.0,0.0029991002699190244,0.41477938129470476
Adrenal_gland,Adrenal_gland/test/00008_5,sam_vit_h,0.0,0.0,0.0037287507526981333,0.27834452258557213
Adrenal_gland,Adrenal_gland/test/00009_0,unet_baseline,0.0,0.0,0.0,0.44783425591251086
Adrenal_gland,Adrenal_gland/test/00009_0,sam_vit_b,0.0,0.0,0.002287907302852504,0.4074265800428193
Adrenal_gland,Adrenal_gland/test/00009_0,sam_vit_l,0.0,0.0,0.002627699801320259,0.30669144880623994
Adrenal_gland,Adrenal_gland/test/00009_0,sam_vit_h,0.0,0.0,0.0026807617409777195,0.3545749331430076
Adrenal_gland,Adrenal_gland/test/00009_1,unet_baseline,0.0,0.0,0.0,0.44704224639087403
Adrenal_gland,Adrenal_gland/test/00009_1,sam_vit_b,0.0,0.0,0.0007530390504536164,0.41571124014102573
Adrenal_gland,Adrenal_gland/test/00009_1,sam_vit_l,0.0,0.0,0.000623066345823307,0.31708352660171807
Adrenal_gland,Adrenal_gland/test/00009_1,sam_vit_h,0.0,0.0,0.0006131207847946045,0.3563038537819722
Adrenal_gland,Adrenal_gland/test/00009_2,unet_baseline,0.0,0.0,0.0,0.46111024314834764
Adrenal_gland,Adrenal_gland/test/00009_2,sam_vit_b,0.0,0.0,0.0022400132741527356,0.4166119279385272
Adrenal_gland,Adrenal_gland/test/00009_2,sam_vit_l,0.0,0.0,0.002555269101777281,0.3126020761664992
Adrenal_gland,Adrenal_gland/test/00009_2,sam_vit_h,0.0,0.0,0.002662793512466715,0.35554109822806296
Adrenal_gland,Adrenal_gland/test/00009_3,unet_baseline,0.0,0.0,0.0,0.9327601087823864
Adrenal_gland,Adrenal_gland/test/00009_3,sam_vit_b,0.0,0.0,0.007096069868995633,0.41761833070172216
Adrenal_gland,Adrenal_gland/test/00009_3,sam_vit_l,0.0,0.0,0.0073219589693997375,0.30564685134500647
Adrenal_gland,Adrenal_gland/test/00009_3,sam_vit_h,0.0,0.0,0.007132790704363082,0.35781583467804906
Adrenal_gland,Adrenal_gland/test/00009_4,unet_baseline,0.0,0.0,0.0,0.9224331412316976
Adrenal_gland,Adrenal_gland/test/00009_4,sam_vit_b,0.0,0.0,0.0084486711386601,0.41371984457551786
Adrenal_gland,Adrenal_gland/test/00009_4,sam_vit_l,0.0,0.0,0.008924144769459593,0.3016500196982689
Adrenal_gland,Adrenal_gland/test/00009_4,sam_vit_h,0.0,0.0,0.009394055924847553,0.3536639667528943
Adrenal_gland,Adrenal_gland/test/00009_5,unet_baseline,0.0,0.0,0.0,0.9930319210233166
Adrenal_gland,Adrenal_gland/test/00009_5,sam_vit_b,0.0,0.0,0.0013202696129525399,0.44001474344688074
Adrenal_gland,Adrenal_gland/test/00009_5,sam_vit_l,0.0,0.0,0.0010452769984045773,0.31359315589353615
Adrenal_gland,Adrenal_gland/test/00009_5,sam_vit_h,0.0,0.0,0.0010323591185789043,0.36764705882352944
Adrenal_gland,Adrenal_gland/test/00010_0,unet_baseline,0.0,0.0,0.0,0.9000335683115139
Adrenal_gland,Adrenal_gland/test/00010_0,sam_vit_b,0.0,0.0,0.004612615315382884,0.4040351735182149
Adrenal_gland,Adrenal_gland/test/00010_0,sam_vit_l,0.0,0.0,0.005699055213660397,0.30024450455345436
Adrenal_gland,Adrenal_gland/test/00010_0,sam_vit_h,0.0,0.0,0.005583811275835949,0.31092436974789917
Adrenal_gland,Adrenal_gland/test/00010_1,unet_baseline,0.0,0.0,0.0,0.9300070205227841
Adrenal_gland,Adrenal_gland/test/00010_1,sam_vit_b,0.0,0.0,0.0039340822660313855,0.41684473428611074
Adrenal_gland,Adrenal_gland/test/00010_1,sam_vit_l,0.0,0.0,0.0029595980452887327,0.30257795686615685
Adrenal_gland,Adrenal_gland/test/00010_1,sam_vit_h,0.0,0.0,0.003635210305455255,0.3279479624173014
Adrenal_gland,Adrenal_gland/test/00010_2,unet_baseline,0.0,0.0,0.0,0.9670504606315656
Adrenal_gland,Adrenal_gland/test/00010_2,sam_vit_b,0.0,0.0,0.011459295063270515,0.4281534575981787
Adrenal_gland,Adrenal_gland/test/00010_2,sam_vit_l,0.0,0.0,0.009110272794929042,0.31209809264305177
Adrenal_gland,Adrenal_gland/test/00010_2,sam_vit_h,0.0,0.0,0.010870490733119518,0.3395386356017432
Adrenal_gland,Adrenal_gland/test/00010_3,unet_baseline,0.0,0.0,0.0,0.9212624994856179
Adrenal_gland,Adrenal_gland/test/00010_3,sam_vit_b,0.0,0.0,0.006603538499875405,0.4131324004305705
Adrenal_gland,Adrenal_gland/test/00010_3,sam_vit_l,0.0,0.0,0.007081608181180569,0.301652033271719
Adrenal_gland,Adrenal_gland/test/00010_3,sam_vit_h,0.0,0.0,0.007928412462908012,0.3197593442473229
Adrenal_gland,Adrenal_gland/test/00010_4,unet_baseline,0.0,0.0,0.0,0.9364405748180366
Adrenal_gland,Adrenal_gland/test/00010_4,sam_vit_b,0.0,0.0,0.007860928937202407,0.41638514290974366
Adrenal_gland,Adrenal_gland/test/00010_4,sam_vit_l,0.0,0.0,0.00774323344328257,0.30524808509671114
Adrenal_gland,Adrenal_gland/test/00010_4,sam_vit_h,0.0,0.0,0.0084214165761138,0.3242389654140671
Adrenal_gland,Adrenal_gland/test/00010_5,unet_baseline,0.0,0.0,0.0,0.9587957262580927
Adrenal_gland,Adrenal_gland/test/00010_5,sam_vit_b,0.0,0.0,0.0029700478228039265,0.42213984956994277
Adrenal_gland,Adrenal_gland/test/00010_5,sam_vit_l,0.0,0.0,0.0023947810289300557,0.3348757606490872
Adrenal_gland,Adrenal_gland/test/00010_5,sam_vit_h,0.0,0.0,0.0029045952185894094,0.3144892692502812
Adrenal_gland,Adrenal_gland/test/00011_0,unet_baseline,0.0,0.0,0.0,0.4609728413745456
Adrenal_gland,Adrenal_gland/test/00011_0,sam_vit_b,0.0,0.0,0.008987780657757431,0.39442444806454324
Adrenal_gland,Adrenal_gland/test/00011_0,sam_vit_l,0.0,0.0,0.007277185111766087,0.3405172677903143
Adrenal_gland,Adrenal_gland/test/00011_0,sam_vit_h,0.0,0.0,0.008979010701327332,0.3162517339926804
Adrenal_gland,Adrenal_gland/test/00011_1,unet_baseline,0.0,0.0,0.0,0.9339146136139963
Adrenal_gland,Adrenal_gland/test/00011_1,sam_vit_b,0.0,0.0,0.004132830626450116,0.39567009112542806
Adrenal_gland,Adrenal_gland/test/00011_1,sam_vit_l,0.0,0.0,0.003322174235261046,0.3280652645107885
Adrenal_gland,Adrenal_gland/test/00011_1,sam_vit_h,0.0,0.0,0.0042307789166183985,0.3305005756894567
Adrenal_gland,Adrenal_gland/test/00011_2,unet_baseline,0.0,0.0,0.0,0.9502819067145054
Adrenal_gland,Adrenal_gland/test/00011_2,sam_vit_b,0.0,0.0,0.005473474699533032,0.39743137123937294
Adrenal_gland,Adrenal_gland/test/00011_2,sam_vit_l,0.0,0.0,0.003424657534246575,0.3338785394141513
Adrenal_gland,Adrenal_gland/test/00011_2,sam_vit_h,0.0,0.0,0.004976688145004977,0.3307084915429755
Adrenal_gland,Adrenal_gland/test/00011_3,unet_baseline,0.0,0.0,0.0,0.47000072784323876
Adrenal_gland,Adrenal_gland/test/00011_3,sam_vit_b,0.0,0.0,0.001154249737670514,0.39327287168964
Adrenal_gland,Adrenal_gland/test/00011_3,sam_vit_l,0.0,0.0,0.0006286836935166994,0.4034933443196723
Adrenal_gland,Adrenal_gland/test/00011_3,sam_vit_h,0.0,0.0,0.0010610705022400376,0.3125770554427924
Adrenal_gland,Adrenal_gland/test/00011_4,unet_baseline,0.0,0.0,0.0,0.41713137134573136
Adrenal_gland,Adrenal_gland/test/00011_4,sam_vit_b,0.0,0.0,0.005352029757285451,0.3713882528024855
Adrenal_gland,Adrenal_gland/test/00011_4,sam_vit_l,0.0,0.0,0.0040481302558597245,0.3335104134583051
Adrenal_gland,Adrenal_gland/test/00011_4,sam_vit_h,0.0,0.0,0.006361930752174655,0.2614999282700473
Adrenal_gland,Adrenal_gland/test/00011_5,unet_baseline,0.0,0.0,0.0,0.44802957946955724
Adrenal_gland,Adrenal_gland/test/00011_5,sam_vit_b,0.0,0.0,0.005979760809567618,0.4050476145540093
Adrenal_gland,Adrenal_gland/test/00011_5,sam_vit_l,0.0,0.0,0.006768825796747203,0.32619888371641964
Adrenal_gland,Adrenal_gland/test/00011_5,sam_vit_h,0.0,0.0,0.007622316226354856,0.2923387012708508
Adrenal_gland,Adrenal_gland/test/00012_0,unet_baseline,0.0,0.0,0.0,0.9705632873613773
Adrenal_gland,Adrenal_gland/test/00012_0,sam_vit_b,0.0,0.0,0.003288507839567796,0.43629536701553684
Adrenal_gland,Adrenal_gland/test/00012_0,sam_vit_l,0.0,0.0,0.002291884183452596,0.3076554032688932
Adrenal_gland,Adrenal_gland/test/00012_0,sam_vit_h,0.0,0.0,0.002615233736515201,0.3296028344719311
Adrenal_gland,Adrenal_gland/test/00012_1,unet_baseline,0.0,0.0,0.0,0.9606369143908396
Adrenal_gland,Adrenal_gland/test/00012_1,sam_vit_b,0.0,0.0,0.007172652355275206,0.4232023941117791
Adrenal_gland,Adrenal_gland/test/00012_1,sam_vit_l,0.0,0.0,0.006691301308299211,0.30811442172073344
Adrenal_gland,Adrenal_gland/test/00012_1,sam_vit_h,0.0,0.0,0.007287040238291535,0.3282079895275599
Adrenal_gland,Adrenal_gland/test/00012_2,unet_baseline,0.0,0.0,0.0,0.9024559758170536
Adrenal_gland,Adrenal_gland/test/00012_2,sam_vit_b,0.0,0.0,0.01755789305283366,0.40726119473634387
Adrenal_gland,Adrenal_gland/test/00012_2,sam_vit_l,0.0,0.0,0.016830808352908216,0.2978852756055693
Adrenal_gland,Adrenal_gland/test/00012_2,sam_vit_h,0.0,0.0,0.019235070454037127,0.34029913723225885
Adrenal_gland,Adrenal_gland/test/00012_3,unet_baseline,0.0,0.0,0.0,0.9258770599949192
Adrenal_gland,Adrenal_gland/test/00012_3,sam_vit_b,0.0,0.0,0.0006710208463809609,0.4176885642530565
Adrenal_gland,Adrenal_gland/test/00012_3,sam_vit_l,0.0,0.0,0.0006256284214054296,0.2993313168538284
Adrenal_gland,Adrenal_gland/test/00012_3,sam_vit_h,0.0,0.0,0.0007500625052087674,0.3563041831495665
Adrenal_gland,Adrenal_gland/test/00012_4,unet_baseline,0.0,0.0,0.0,0.9618306099657038
Adrenal_gland,Adrenal_gland/test/00012_4,sam_vit_b,0.0,0.0,0.01646754924120116,0.4285637880624688
Adrenal_gland,Adrenal_gland/test/00012_4,sam_vit_l,0.0,0.0,0.015619305461550477,0.3194833691802994
Adrenal_gland,Adrenal_gland/test/00012_4,sam_vit_h,0.0,0.0,0.01723292039739973,0.35853643588224476
Adrenal_gland,Adrenal_gland/test/00012_5,unet_baseline,0.0,0.0,0.0,0.9845362422138895
Adrenal_gland,Adrenal_gland/test/00012_5,sam_vit_b,0.0,0.0,0.013291836867016793,0.43731159696476213
Adrenal_gland,Adrenal_gland/test/00012_5,sam_vit_l,0.0,0.0,0.009878649459288407,0.3178803034798457
Adrenal_gland,Adrenal_gland/test/00012_5,sam_vit_h,0.0,0.0,0.01238390092879257,0.363973745249963
Adrenal_gland,Adrenal_gland/test/00013_0,unet_baseline,0.0,0.0,0.0,0.9500632820134894
Adrenal_gland,Adrenal_gland/test/00013_0,sam_vit_b,0.0,0.0,0.005579003541454422,0.42265098238236787
Adrenal_gland,Adrenal_gland/test/00013_0,sam_vit_l,0.0,0.0,0.006933642666947879,0.32565300717069706
Adrenal_gland,Adrenal_gland/test/00013_0,sam_vit_h,0.0,0.0,0.0068530898809095915,0.3124543810988962
Adrenal_gland,Adrenal_gland/test/00013_1,unet_baseline,0.0,0.0,0.0,0.9571222838410923
Adrenal_gland,Adrenal_gland/test/00013_1,sam_vit_b,0.0,0.0,0.01038524306414124,0.4224112218797733
Adrenal_gland,Adrenal_gland/test/00013_1,sam_vit_l,0.0,0.0,0.006177711253231732,0.3281615302869288
Adrenal_gland,Adrenal_gland/test/00013_1,sam_vit_h,0.0,0.0,0.011074870996008178,0.31001976924709324
Adrenal_gland,Adrenal_gland/test/00013_2,unet_baseline,0.0,0.0,0.0,0.9376215795616651
Adrenal_gland,Adrenal_gland/test/00013_2,sam_vit_b,0.0,0.0,0.004831798705442611,0.4200205451810544
Adrenal_gland,Adrenal_gland/test/00013_2,sam_vit_l,0.0,0.0,0.004660266567247646,0.3060734912911001
Adrenal_gland,Adrenal_gland/test/00013_2,sam_vit_h,0.0,0.0,0.005176670471740689,0.34261007638829283
Adrenal_gland,Adrenal_gland/test/00013_3,unet_baseline,0.0,0.0,0.0,0.9776533262614365
Adrenal_gland,Adrenal_gland/test/00013_3,sam_vit_b,0.0,0.0,0.002603063139415219,0.43503624137629904
Adrenal_gland,Adrenal_gland/test/00013_3,sam_vit_l,0.0,0.0,0.002717533315913248,0.3116356339942609
Adrenal_gland,Adrenal_gland/test/00013_3,sam_vit_h,0.0,0.0,0.0032287970333429237,0.35864178954759757
Adrenal_gland,Adrenal_gland/test/00013_4,unet_baseline,0.0,0.0,0.0,0.9081973494598129
Adrenal_gland,Adrenal_gland/test/00013_4,sam_vit_b,0.0,0.0,0.004191930533722584,0.40330193204274667
Adrenal_gland,Adrenal_gland/test/00013_4,sam_vit_l,0.0,0.0,0.003293398883108205,0.3199636085901698
Adrenal_gland,Adrenal_gland/test/00013_4,sam_vit_h,0.0,0.0,0.004265901095790708,0.28223933954962593
Adrenal_gland,Adrenal_gland/test/00013_5,unet_baseline,0.0,0.0,0.0,0.4666189193368547
Adrenal_gland,Adrenal_gland/test/00013_5,sam_vit_b,0.0,0.0,0.001859528144733274,0.41299309170730397
Adrenal_gland,Adrenal_gland/test/00013_5,sam_vit_l,0.0,0.0,0.0015030380556443877,0.3713229647362727
Adrenal_gland,Adrenal_gland/test/00013_5,sam_vit_h,0.0,0.0,0.0018919487071683834,0.28484093391585613
Adrenal_gland,Adrenal_gland/test/00014_0,unet_baseline,0.0,0.0,0.0,0.9149848512441847
Adrenal_gland,Adrenal_gland/test/00014_0,sam_vit_b,0.0,0.0,0.00026001040041601667,0.4026962925976782
Adrenal_gland,Adrenal_gland/test/00014_0,sam_vit_l,0.0,0.0,0.0002997683608120997,0.34370430027764237
Adrenal_gland,Adrenal_gland/test/00014_0,sam_vit_h,0.0,0.0,0.0003280705351650605,0.2838879031670029
Adrenal_gland,Adrenal_gland/test/00014_1,unet_baseline,0.0,0.0,0.0,0.4776467962666284
Adrenal_gland,Adrenal_gland/test/00014_1,sam_vit_b,0.0,0.0,0.011019172552976792,0.4369014151201595
Adrenal_gland,Adrenal_gland/test/00014_1,sam_vit_l,0.0,0.0,0.008102261553588987,0.4173209310884384
Adrenal_gland,Adrenal_gland/test/00014_1,sam_vit_h,0.0,0.0,0.01175211292732422,0.3143746826431875
Adrenal_gland,Adrenal_gland/test/00014_2,unet_baseline,0.0,0.0,0.0,0.49853085210577863
Adrenal_gland,Adrenal_gland/test/00014_2,sam_vit_b,0.0,0.0,0.0059041707667852545,0.4502985765022602
Adrenal_gland,Adrenal_gland/test/00014_2,sam_vit_l,0.0,0.0,0.005014836795252225,0.3328693558232178
Adrenal_gland,Adrenal_gland/test/00014_2,sam_vit_h,0.0,0.0,0.005590872970825292,0.3227726098990146
Adrenal_gland,Adrenal_gland/test/00014_3,unet_baseline,0.0,0.0,0.0,0.48883862413228296
Adrenal_gland,Adrenal_gland/test/00014_3,sam_vit_b,0.0,0.0,0.00946108895278731,0.41928161124700486
Adrenal_gland,Adrenal_gland/test/00014_3,sam_vit_l,0.0,0.0,0.005941426994058573,0.4267119838565745
Adrenal_gland,Adrenal_gland/test/00014_3,sam_vit_h,0.0,0.0,0.00924022214344795,0.28953835666178956
Bile-duct,Bile-duct/test/00000_0,unet_baseline,0.0,0.0,0.0,0.47448439554800015
Bile-duct,Bile-duct/test/00000_0,sam_vit_b,0.0,0.0,0.01167929292929293,0.41992358442908484
Bile-duct,Bile-duct/test/00000_0,sam_vit_l,0.0,0.0,0.010344217102101722,0.3216638942167365
Bile-duct,Bile-duct/test/00000_0,sam_vit_h,0.0,0.0,0.011419596986717066,0.3375336144919313
Bile-duct,Bile-duct/test/00000_1,unet_baseline,0.0,0.0,0.0,0.46631921824104233
Bile-duct,Bile-duct/test/00000_1,sam_vit_b,0.0,0.0,0.00015784073869465709,0.41607452710277515
Bile-duct,Bile-duct/test/00000_1,sam_vit_l,0.0,0.0,7.329945269741986e-05,0.32658771126701586
Bile-duct,Bile-duct/test/00000_1,sam_vit_h,0.0,0.0,0.00012513765141655822,0.3381202501552654
Bile-duct,Bile-duct/test/00000_2,unet_baseline,0.0,0.0,0.0,0.9204450923706687
Bile-duct,Bile-duct/test/00000_2,sam_vit_b,0.0,0.0,0.0020274255381893245,0.40111080095101503
Bile-duct,Bile-duct/test/00000_2,sam_vit_l,0.0,0.0,0.002080624187256177,0.3182243570228551
Bile-duct,Bile-duct/test/00000_2,sam_vit_h,0.0,0.0,0.0021063471260063657,0.3192716477440116
Bile-duct,Bile-duct/test/00000_3,unet_baseline,0.0,0.0,0.0,0.475921631347461
Bile-duct,Bile-duct/test/00000_3,sam_vit_b,0.0,0.0,0.004865960801982428,0.41846797895721094
Bile-duct,Bile-duct/test/00000_3,sam_vit_l,0.0,0.0,0.0041650696307653,0.3210842257034352
Bile-duct,Bile-duct/test/00000_3,sam_vit_h,0.0,0.0,0.004546188196051003,0.3370773544572384
Bile-duct,Bile-duct/test/00000_4,unet_baseline,0.0,0.0,0.0,0.929264048752992
Bile-duct,Bile-duct/test/00000_4,sam_vit_b,0.0,0.0,0.002167630057803468,0.4158410315090285
Bile-duct,Bile-duct/test/00000_4,sam_vit_l,0.0,0.0,0.0019859309948796477,0.3104209877235271
Bile-duct,Bile-duct/test/00000_4,sam_vit_h,0.0,0.0,0.0022229351911265925,0.30954098398195534
Bile-duct,Bile-duct/test/00000_5,unet_baseline,0.0,0.0,0.0,0.9639969332184608
Bile-duct,Bile-duct/test/00000_5,sam_vit_b,0.0,0.0,0.014054927302100161,0.4297627426697909
Bile-duct,Bile-duct/test/00000_5,sam_vit_l,0.0,0.0,0.011684467893450007,0.3134051850963896
Bile-duct,Bile-duct/test/00000_5,sam_vit_h,0.0,0.0,0.01195486101803951,0.3258393253249606
Bile-duct,Bile-duct/test/00001_0,unet_baseline,0.0,0.0,0.0,0.9105115289345502
Bile-duct,Bile-duct/test/00001_0,sam_vit_b,0.0,0.0,0.005881665563042885,0.4093284432958346
Bile-duct,Bile-duct/test/00001_0,sam_vit_l,0.0,0.0,0.0060038039368454825,0.30894448841931377
Bile-duct,Bile-duct/test/00001_0,sam_vit_h,0.0,0.0,0.006644079728956747,0.30862909653523374
Bile-duct,Bile-duct/test/00001_1,unet_baseline,0.0,0.0,0.0,0.9507104831285274
Bile-duct,Bile-duct/test/00001_1,sam_vit_b,0.0,0.0,0.004370886946272468,0.42534419323636563
Bile-duct,Bile-duct/test/00001_1,sam_vit_l,0.0,0.0,0.003812609020682781,0.3130555463767637
Bile-duct,Bile-duct/test/00001_1,sam_vit_h,0.0,0.0,0.004231420218495153,0.3267111290024262
Bile-duct,Bile-duct/test/00001_2,unet_baseline,0.0,0.0,0.0,0.989273679259105
Bile-duct,Bile-duct/test/00001_2,sam_vit_b,0.0,0.0,0.005900575306092344,0.44608035151659653
Bile-duct,Bile-duct/test/00001_2,sam_vit_l,0.0,0.0,0.003794289457880657,0.31402241805321374
Bile-duct,Bile-duct/test/00001_2,sam_vit_h,0.0,0.0,0.004392236976506639,0.3628326425329566
Bile-duct,Bile-duct/test/00001_3,unet_baseline,0.0,0.0,0.0,0.9679857644520732
Bile-duct,Bile-duct/test/00001_3,sam_vit_b,0.0,0.0,0.0004778338200159278,0.4277453042021599
Bile-duct,Bile-duct/test/00001_3,sam_vit_l,0.0,0.0,0.00022948646029884238,0.31148130001633184
Bile-duct,Bile-duct/test/00001_3,sam_vit_h,0.0,0.0,0.0003322075189635125,0.3347026480439866
Bile-duct,Bile-duct/test/00001_4,unet_baseline,0.0,0.0,0.0,0.9184050699762345
Bile-duct,Bile-duct/test/00001_4,sam_vit_b,0.0,0.0,0.0028586596969820723,0.4138665915598742
Bile-duct,Bile-duct/test/00001_4,sam_vit_l,0.0,0.0,0.0025072640359921267,0.31471644259194237
Bile-duct,Bile-duct/test/00001_4,sam_vit_h,0.0,0.0,0.0027620556939098938,0.3109241760774372
Bile-duct,Bile-duct/test/00001_5,unet_baseline,0.0,0.0,0.0,0.9526807830603276
Bile-duct,Bile-duct/test/00001_5,sam_vit_b,0.0,0.0,0.005874176045917223,0.4123803387334315
Bile-duct,Bile-duct/test/00001_5,sam_vit_l,0.0,0.0,0.007187374346602332,0.3136140844451282
Bile-duct,Bile-duct/test/00001_5,sam_vit_h,0.0,0.0,0.006931112717843875,0.31410927937365607
